{
  "Qwen2.5-3B vs Qwen2.5-3B-Instruct": [
    0.9436238408088684,
    0.9208135008811951,
    0.8929409980773926,
    0.808510422706604,
    0.736720085144043,
    0.5463646650314331,
    0.4921373724937439,
    0.46777862310409546,
    0.4213869571685791,
    0.3635951280593872,
    0.37489113211631775,
    0.4407845139503479,
    0.38380831480026245,
    0.29741668701171875,
    0.2854207158088684,
    0.32454341650009155,
    0.3245328366756439,
    0.30508971214294434,
    0.28311237692832947,
    0.309028685092926,
    0.298196941614151,
    0.30066677927970886,
    0.3810403347015381,
    0.34658199548721313,
    0.4229043126106262,
    0.3850392699241638,
    0.4054378569126129,
    0.49895742535591125,
    0.5297916531562805,
    0.5131019353866577,
    0.5245910882949829,
    0.5326288938522339,
    0.5411880016326904,
    0.5359114408493042,
    0.5371279716491699,
    0.39717480540275574
  ],
  "Qwen2.5-3B vs AZR-Coder-3B": [
    0.31544458866119385,
    0.3283874988555908,
    0.3746487498283386,
    0.29224520921707153,
    0.24436326324939728,
    0.18282324075698853,
    0.16475896537303925,
    0.19916121661663055,
    0.18480265140533447,
    0.20328325033187866,
    0.13531966507434845,
    0.09706597030162811,
    0.06293074786663055,
    0.04795277118682861,
    0.12919498980045319,
    0.09093894809484482,
    0.11061546206474304,
    0.1096280887722969,
    0.17663954198360443,
    0.15634356439113617,
    0.18119099736213684,
    0.1760503202676773,
    0.21279287338256836,
    0.21871379017829895,
    0.2779436707496643,
    0.2713128626346588,
    0.34320205450057983,
    0.5778802633285522,
    0.6562702655792236,
    0.629496157169342,
    0.646697461605072,
    0.667433500289917,
    0.6511402130126953,
    0.6687923073768616,
    0.629374623298645,
    0.5773980617523193
  ],
  "Qwen2.5-3B-Instruct vs AZR-Coder-3B": [
    0.32059478759765625,
    0.3221839666366577,
    0.3611072897911072,
    0.26263856887817383,
    0.22914710640907288,
    0.208579421043396,
    0.13634152710437775,
    0.14028367400169373,
    0.1854315847158432,
    0.1378181278705597,
    0.11323286592960358,
    0.10105126351118088,
    0.08829609304666519,
    0.07839120924472809,
    0.08141044527292252,
    0.053117502480745316,
    0.06874263286590576,
    0.08647055923938751,
    0.06396782398223877,
    0.07437416911125183,
    0.09397958219051361,
    0.11887089163064957,
    0.15670377016067505,
    0.18219010531902313,
    0.19987231492996216,
    0.15471979975700378,
    0.2324659526348114,
    0.3560532331466675,
    0.41755855083465576,
    0.39981281757354736,
    0.3902035355567932,
    0.42226406931877136,
    0.4205573797225952,
    0.41375792026519775,
    0.4093538224697113,
    0.2859176993370056
  ]
}