{
  "Qwen2.5-3B": {
    "norms": [
      0.3213297724723816,
      0.3961217999458313,
      0.5822145938873291,
      0.674709677696228,
      0.7787888646125793,
      0.8614320755004883,
      1.0176926851272583,
      1.4072768688201904,
      1.919446587562561,
      1.9737735986709595,
      2.0819928646087646,
      2.6612730026245117,
      3.0112364292144775,
      2.9834296703338623,
      2.6495602130889893,
      2.6045618057250977,
      2.668644666671753,
      2.613799810409546,
      2.866809368133545,
      2.896056652069092,
      3.084076166152954,
      3.576517105102539,
      3.9015934467315674,
      4.221066474914551,
      4.874863147735596,
      4.8768815994262695,
      5.384387493133545,
      8.442623138427734,
      11.115751266479492,
      11.99968433380127,
      15.069849967956543,
      18.692363739013672,
      21.630962371826172,
      25.862865447998047,
      29.67481803894043,
      33.2657585144043
    ],
    "probe_acc": [
      0.7922077775001526,
      0.8181818127632141,
      0.8311688303947449,
      0.7922077775001526,
      0.8051947951316833,
      0.7402597665786743,
      0.8051947951316833,
      0.7532467246055603,
      0.7922077775001526,
      0.7922077775001526,
      0.7922077775001526,
      0.8701298832893372,
      0.8311688303947449,
      0.8181818127632141,
      0.7532467246055603,
      0.7662337422370911,
      0.7662337422370911,
      0.7532467246055603,
      0.7662337422370911,
      0.7792207598686218,
      0.7402597665786743,
      0.7662337422370911,
      0.7662337422370911,
      0.7662337422370911,
      0.8181818127632141,
      0.7922077775001526,
      0.8181818127632141,
      0.9090909361839294,
      0.9090909361839294,
      0.8831169009208679,
      0.8961039185523987,
      0.8961039185523987,
      0.8961039185523987,
      0.8961039185523987,
      0.8961039185523987,
      0.8961039185523987
    ],
    "emergence": 27,
    "best_layer": 27,
    "best_acc": 0.9090909361839294
  },
  "Qwen2.5-3B-Instruct": {
    "norms": [
      0.34127527475357056,
      0.39309677481651306,
      0.5136927962303162,
      0.6421952247619629,
      0.7073004841804504,
      0.7200945019721985,
      0.8105382919311523,
      0.9293850064277649,
      1.3995236158370972,
      1.3410686254501343,
      1.4659419059753418,
      1.863120436668396,
      1.9571166038513184,
      2.059255838394165,
      2.201792001724243,
      2.3284151554107666,
      2.9033870697021484,
      3.079585552215576,
      5.03865385055542,
      4.718486309051514,
      6.194655418395996,
      7.2751784324646,
      9.002738952636719,
      10.494071006774902,
      12.325840950012207,
      13.696268081665039,
      15.46945858001709,
      18.93623161315918,
      22.159175872802734,
      25.08203887939453,
      31.940465927124023,
      39.94243240356445,
      45.968727111816406,
      50.19139099121094,
      56.72911071777344,
      61.307430267333984
    ],
    "probe_acc": [
      0.7922077775001526,
      0.7792207598686218,
      0.8051947951316833,
      0.7922077775001526,
      0.7662337422370911,
      0.7402597665786743,
      0.7402597665786743,
      0.701298713684082,
      0.7922077775001526,
      0.8311688303947449,
      0.7402597665786743,
      0.8051947951316833,
      0.7662337422370911,
      0.7532467246055603,
      0.7272727489471436,
      0.7532467246055603,
      0.7402597665786743,
      0.7662337422370911,
      0.8961039185523987,
      0.9090909361839294,
      0.8961039185523987,
      0.9090909361839294,
      0.8701298832893372,
      0.8441558480262756,
      0.8571428656578064,
      0.8701298832893372,
      0.8441558480262756,
      0.8831169009208679,
      0.8701298832893372,
      0.8961039185523987,
      0.8311688303947449,
      0.8181818127632141,
      0.8311688303947449,
      0.8701298832893372,
      0.8701298832893372,
      0.8571428656578064
    ],
    "emergence": 18,
    "best_layer": 19,
    "best_acc": 0.9090909361839294
  },
  "AZR-Coder-3B": {
    "norms": [
      0.22641216218471527,
      0.25661376118659973,
      0.3146202862262726,
      0.3598080575466156,
      0.4289502203464508,
      0.46354249119758606,
      0.6053376793861389,
      0.9622847437858582,
      1.299450397491455,
      1.3502843379974365,
      1.7136121988296509,
      2.2965118885040283,
      2.708409547805786,
      2.908568859100342,
      3.479132890701294,
      3.595362424850464,
      3.9364113807678223,
      3.875185251235962,
      4.310808181762695,
      4.3091959953308105,
      4.312671184539795,
      4.519964218139648,
      4.803133487701416,
      4.969640731811523,
      5.540703773498535,
      5.835512161254883,
      6.5125932693481445,
      8.862489700317383,
      10.78532600402832,
      11.786246299743652,
      13.956022262573242,
      16.96204948425293,
      19.90810775756836,
      25.285531997680664,
      30.040550231933594,
      34.923213958740234
    ],
    "probe_acc": [
      0.7662337422370911,
      0.7402597665786743,
      0.7662337422370911,
      0.7272727489471436,
      0.7402597665786743,
      0.7792207598686218,
      0.7142857313156128,
      0.8051947951316833,
      0.8311688303947449,
      0.7792207598686218,
      0.7922077775001526,
      0.7792207598686218,
      0.8311688303947449,
      0.8311688303947449,
      0.7922077775001526,
      0.8181818127632141,
      0.8311688303947449,
      0.7922077775001526,
      0.8441558480262756,
      0.8181818127632141,
      0.8441558480262756,
      0.8311688303947449,
      0.8701298832893372,
      0.8441558480262756,
      0.9090909361839294,
      0.8441558480262756,
      0.8571428656578064,
      0.9220778942108154,
      0.9220778942108154,
      0.8831169009208679,
      0.8831169009208679,
      0.8571428656578064,
      0.9090909361839294,
      0.8831169009208679,
      0.8701298832893372,
      0.8831169009208679
    ],
    "emergence": 24,
    "best_layer": 27,
    "best_acc": 0.9220778942108154
  }
}