{
  "_ts": "20260518-0020",
  "n_layers": 36,
  "last_unpruned_layer": 27,
  "models": [
    "Qwen2.5-3B",
    "Qwen2.5-3B-Instruct",
    "Qwen2.5-Coder-3B",
    "AZR-Coder-3B"
  ],
  "per_model": {
    "Qwen2.5-3B": {
      "n_layers": 36,
      "best_layer": 31,
      "best_accuracy": 0.9925,
      "depth_ratio": 0.8611111111111112,
      "probe_acc_per_layer": [
        0.9349999999999999,
        0.9399999999999998,
        0.9424999999999999,
        0.9550000000000001,
        0.9600000000000002,
        0.9600000000000002,
        0.9550000000000001,
        0.9475,
        0.95,
        0.9575000000000001,
        0.95,
        0.9550000000000001,
        0.9650000000000001,
        0.9600000000000002,
        0.9700000000000001,
        0.9724999999999999,
        0.9775,
        0.975,
        0.985,
        0.9824999999999999,
        0.9824999999999999,
        0.9799999999999999,
        0.985,
        0.9824999999999999,
        0.9875,
        0.9875,
        0.99,
        0.99,
        0.99,
        0.9875,
        0.99,
        0.9925,
        0.985,
        0.9800000000000001,
        0.9824999999999999,
        0.99
      ],
      "ref_dir_best_pos": 1,
      "ref_dir_best_layer": 18,
      "ref_dir_best_acc": 0.9916666746139526
    },
    "Qwen2.5-3B-Instruct": {
      "n_layers": 36,
      "best_layer": 29,
      "best_accuracy": 0.9949999999999999,
      "depth_ratio": 0.8055555555555556,
      "probe_acc_per_layer": [
        0.9349999999999999,
        0.9399999999999998,
        0.9400000000000001,
        0.9550000000000001,
        0.9575000000000001,
        0.9575000000000001,
        0.9525,
        0.9450000000000001,
        0.95,
        0.9575000000000001,
        0.9525,
        0.9575000000000001,
        0.9600000000000002,
        0.9625,
        0.9700000000000001,
        0.9775,
        0.975,
        0.9775,
        0.985,
        0.985,
        0.9799999999999999,
        0.9824999999999999,
        0.9875,
        0.985,
        0.9875,
        0.985,
        0.9899999999999999,
        0.9899999999999999,
        0.9899999999999999,
        0.9949999999999999,
        0.9899999999999999,
        0.9924999999999999,
        0.9825000000000002,
        0.9875,
        0.9875,
        0.99
      ],
      "ref_dir_best_pos": 1,
      "ref_dir_best_layer": 20,
      "ref_dir_best_acc": 1.0
    },
    "Qwen2.5-Coder-3B": {
      "n_layers": 36,
      "best_layer": 30,
      "best_accuracy": 0.9925,
      "depth_ratio": 0.8333333333333334,
      "probe_acc_per_layer": [
        0.9349999999999999,
        0.9375,
        0.945,
        0.945,
        0.9600000000000002,
        0.9524999999999999,
        0.9574999999999999,
        0.95,
        0.95,
        0.9550000000000001,
        0.9550000000000001,
        0.9525,
        0.9625,
        0.9625,
        0.97,
        0.9724999999999999,
        0.9724999999999999,
        0.9775,
        0.9825000000000002,
        0.9850000000000001,
        0.985,
        0.9775,
        0.9824999999999999,
        0.985,
        0.9825000000000002,
        0.985,
        0.9825000000000002,
        0.9875,
        0.9875,
        0.9875,
        0.9925,
        0.9875,
        0.9875,
        0.985,
        0.9824999999999999,
        0.985
      ],
      "ref_dir_best_pos": 2,
      "ref_dir_best_layer": 21,
      "ref_dir_best_acc": 0.9916666746139526
    },
    "AZR-Coder-3B": {
      "n_layers": 36,
      "best_layer": 30,
      "best_accuracy": 0.9925,
      "depth_ratio": 0.8333333333333334,
      "probe_acc_per_layer": [
        0.9349999999999999,
        0.9375,
        0.945,
        0.95,
        0.9600000000000002,
        0.9524999999999999,
        0.9574999999999999,
        0.95,
        0.95,
        0.9550000000000001,
        0.9574999999999999,
        0.95,
        0.9625,
        0.9625,
        0.97,
        0.97,
        0.9724999999999999,
        0.9775,
        0.9825000000000002,
        0.985,
        0.9875,
        0.9775,
        0.9824999999999999,
        0.985,
        0.9825000000000002,
        0.985,
        0.985,
        0.985,
        0.9875,
        0.9875,
        0.9925,
        0.9875,
        0.9875,
        0.985,
        0.9824999999999999,
        0.985
      ],
      "ref_dir_best_pos": 2,
      "ref_dir_best_layer": 12,
      "ref_dir_best_acc": 0.9916666746139526
    }
  },
  "cross_model_refusal_direction_cosine": {
    "Qwen2.5-3B__Qwen2.5-3B-Instruct": {
      "cos_at_donor_best": 0.6459179448505007,
      "donor_best_pos": 1,
      "donor_best_layer": 18,
      "cos_at_last_unpruned": 0.5278043578919155,
      "last_unpruned_layer": 27,
      "cos_per_layer_pos-1": [
        0.9007508389380763,
        0.9044015114731406,
        0.8793116516763855,
        0.8246368169452762,
        0.817563961981592,
        0.7604148784132732,
        0.6405255622454618,
        0.48840848591782016,
        0.38562516158466675,
        0.37296078817675143,
        0.3425602242674342,
        0.3663105342028199,
        0.3557874427312546,
        0.33928579279529,
        0.2849906350986159,
        0.2938292064480331,
        0.305020037259115,
        0.34009633711384113,
        0.40273159267505204,
        0.35130417287517113,
        0.298662436657508,
        0.29874461168224375,
        0.30055096169188444,
        0.2813658526330414,
        0.3864178762530097,
        0.3591981194954629,
        0.4118585713506942,
        0.5278043525843411,
        0.5810817941155719,
        0.6223730330879407,
        0.6296168009365588,
        0.643902421568624,
        0.6382816109502136,
        0.5826222034785448,
        0.5381603520027007,
        0.45110227031361083
      ]
    },
    "Qwen2.5-3B__Qwen2.5-Coder-3B": {
      "cos_at_donor_best": 0.4230052839364332,
      "donor_best_pos": 1,
      "donor_best_layer": 18,
      "cos_at_last_unpruned": 0.6248427405073466,
      "last_unpruned_layer": 27,
      "cos_per_layer_pos-1": [
        0.17392288232527608,
        0.3274921146804799,
        0.3247824514162655,
        0.2763476382780799,
        0.2912676453179327,
        0.2429735231870412,
        0.2779892879328046,
        0.21202131858804488,
        0.2761263486668406,
        0.2169734046993625,
        0.16937806460530347,
        0.27009478249976454,
        0.21081502261831603,
        0.18414378148531546,
        0.20058703996605284,
        0.22569191962229992,
        0.22556776714253923,
        0.21501566888173956,
        0.2380343830395369,
        0.248424815374245,
        0.2694235982863148,
        0.34614891259340497,
        0.36086169227694603,
        0.3565204277575206,
        0.44245206647040464,
        0.477751377016122,
        0.5331638561269354,
        0.6248427411830788,
        0.6838858496446508,
        0.6807357019634068,
        0.7002607387088187,
        0.7152715557111377,
        0.6813230044577631,
        0.6634293865595944,
        0.5888517409904925,
        0.49078519079385424
      ]
    },
    "Qwen2.5-3B__AZR-Coder-3B": {
      "cos_at_donor_best": 0.40798042387092287,
      "donor_best_pos": 1,
      "donor_best_layer": 18,
      "cos_at_last_unpruned": 0.6110462687789678,
      "last_unpruned_layer": 27,