{
  "AZR-Coder-3B": {
    "best_pos_idx": 2,
    "best_layer": 27,
    "n_total": 50,
    "n_clean": 32,
    "n_degenerate": 18,
    "n_refused": 1,
    "refusal_rate": 0.03125,
    "harmful_n": 18,
    "harmful_refusal_rate": 0.05555555555555555,
    "harmless_n": 14,
    "harmless_refusal_rate": 0.0,
    "pearson_r_proj_refusal": 0.17094617388979497,
    "pearson_p": 0.34955400085445065,
    "auc_proj_as_classifier": 0.7741935483870968,
    "mean_proj_refused": 8.186822953141261,
    "std_proj_refused": 0.0,
    "mean_proj_comply": 4.854479821858838,
    "std_proj_comply": 3.3952766769188405,
    "welch_t": NaN,
    "welch_p": NaN
  },
  "Qwen2.5-3B": {
    "best_pos_idx": 0,
    "best_layer": 27,
    "n_total": 150,
    "n_clean": 124,
    "n_degenerate": 26,
    "n_refused": 48,
    "refusal_rate": 0.3870967741935484,
    "harmful_n": 84,
    "harmful_refusal_rate": 0.4642857142857143,
    "harmless_n": 40,
    "harmless_refusal_rate": 0.225,
    "pearson_r_proj_refusal": 0.19933112789555868,
    "pearson_p": 0.02645269727376968,
    "auc_proj_as_classifier": 0.6332236842105263,
    "mean_proj_refused": 19.901633584094252,
    "std_proj_refused": 5.054526331895446,
    "mean_proj_comply": 17.72548659790686,
    "std_proj_comply": 5.307329666198538,
    "welch_t": 2.269839526640499,
    "welch_p": 0.025291428452574427
  },
  "Qwen2.5-3B-Instruct": {
    "best_pos_idx": 2,
    "best_layer": 20,
    "n_total": 148,
    "n_clean": 148,
    "n_degenerate": 0,
    "n_refused": 29,
    "refusal_rate": 0.19594594594594594,
    "harmful_n": 100,
    "harmful_refusal_rate": 0.27,
    "harmless_n": 48,
    "harmless_refusal_rate": 0.041666666666666664,
    "pearson_r_proj_refusal": 0.1262476186420586,
    "pearson_p": 0.12627178656726096,
    "auc_proj_as_classifier": 0.5885250651984931,
    "mean_proj_refused": -6.205122919065552,
    "std_proj_refused": 0.8723413523308738,
    "mean_proj_comply": -6.622158425942721,
    "std_proj_comply": 1.38513959471944,
    "welch_t": 2.0009757760434463,
    "welch_p": 0.04951511216223776
  },
  "Qwen2.5-Coder-3B": {
    "best_pos_idx": 4,
    "best_layer": 27,
    "n_total": 50,
    "n_clean": 35,
    "n_degenerate": 15,
    "n_refused": 8,
    "refusal_rate": 0.22857142857142856,
    "harmful_n": 24,
    "harmful_refusal_rate": 0.25,
    "harmless_n": 11,
    "harmless_refusal_rate": 0.18181818181818182,
    "pearson_r_proj_refusal": 0.2682938915918598,
    "pearson_p": 0.11915515793947598,
    "auc_proj_as_classifier": 0.6944444444444445,
    "mean_proj_refused": 15.53897366291218,
    "std_proj_refused": 5.993440518862167,
    "mean_proj_comply": 11.219708321119331,
    "std_proj_comply": 6.658310374865781,
    "welch_t": 1.651906375304705,
    "welch_p": 0.12431946975219557
  }
}