{
  "AZR-Coder-3B": {
    "best_pos_idx": 2,
    "best_layer": 27,
    "n_total": 50,
    "n_clean": 32,
    "n_degenerate": 18,
    "n_refused": 1,
    "n_soft_refused": 0,
    "refusal_rate": 0.03125,
    "harmful_n_clean": 18,
    "harmful_refusal_rate": 0.05555555555555555,
    "auc_across_class": 0.7741935483870968,
    "auc_within_harmful": 0.5882352941176471,
    "null_auc_across_mean": 0.4774193548387097,
    "null_auc_across_std": 0.2860982999824739,
    "null_auc_within_mean": 0.4617647058823528,
    "null_auc_within_std": 0.2889397154590385,
    "z_within_harm": 0.43770579629169515,
    "mean_proj_refused": 8.186822953141261,
    "mean_proj_comply": 4.854479821858838
  },
  "Qwen2.5-3B": {
    "best_pos_idx": 0,
    "best_layer": 27,
    "n_total": 150,
    "n_clean": 124,
    "n_degenerate": 26,
    "n_refused": 48,
    "n_soft_refused": 0,
    "refusal_rate": 0.3870967741935484,
    "harmful_n_clean": 84,
    "harmful_refusal_rate": 0.4642857142857143,
    "auc_across_class": 0.6332236842105263,
    "auc_within_harmful": 0.5658119658119658,
    "null_auc_across_mean": 0.4414884868421053,
    "null_auc_across_std": 0.0639699783217004,
    "null_auc_within_mean": 0.43279202279202283,
    "null_auc_within_std": 0.06801315728148785,
    "z_within_harm": 1.9557972065524,
    "behaviour_dir_norm": 5.962394354056543,
    "cos_arditi_x_behaviour": 0.12180916646069606,
    "auc_behaviour_within_harmful_insample": 0.8746438746438746,
    "mean_proj_refused": 19.901633584094252,
    "mean_proj_comply": 17.72548659790686
  },
  "Qwen2.5-3B-Instruct": {
    "best_pos_idx": 2,
    "best_layer": 20,
    "n_total": 148,
    "n_clean": 148,
    "n_degenerate": 0,
    "n_refused": 36,
    "n_soft_refused": 7,
    "refusal_rate": 0.24324324324324326,
    "harmful_n_clean": 100,
    "harmful_refusal_rate": 0.34,
    "auc_across_class": 0.6403769841269841,
    "auc_within_harmful": 0.499108734402852,
    "null_auc_across_mean": 0.5036954365079366,
    "null_auc_across_std": 0.051738863467170056,
    "null_auc_within_mean": 0.5018939393939392,
    "null_auc_within_std": 0.05349020809988266,
    "z_within_harm": -0.05206943644501101,
    "behaviour_dir_norm": 2.0863603631281493,
    "cos_arditi_x_behaviour": -0.0033966332970457747,
    "auc_behaviour_within_harmful_insample": 0.7219251336898396,
    "mean_proj_refused": -6.071173429832214,
    "mean_proj_comply": -6.691278338090403
  },
  "Qwen2.5-Coder-3B": {
    "best_pos_idx": 4,
    "best_layer": 27,
    "n_total": 50,
    "n_clean": 35,
    "n_degenerate": 15,
    "n_refused": 8,
    "n_soft_refused": 0,
    "refusal_rate": 0.22857142857142856,
    "harmful_n_clean": 24,
    "harmful_refusal_rate": 0.25,
    "auc_across_class": 0.6944444444444445,
    "auc_within_harmful": 0.75,
    "null_auc_across_mean": 0.5456018518518518,
    "null_auc_across_std": 0.1721529816506843,
    "null_auc_within_mean": 0.5648148148148149,
    "null_auc_within_std": 0.1837677233131195,
    "z_within_harm": 1.007713334237974,
    "behaviour_dir_norm": 17.477173044241727,
    "cos_arditi_x_behaviour": 0.3208805918393214,
    "auc_behaviour_within_harmful_insample": 0.9444444444444444,
    "mean_proj_refused": 15.53897366291218,
    "mean_proj_comply": 11.219708321119331
  }
}