{
  "3B": {
    "hard_only": {
      "metric_table": {
        "AZR-Coder-3B": {
          "n_clean": 32,
          "n_refused": 1,
          "refusal_rate": 0.03125,
          "n_harm": 18,
          "n_harm_refused": 1,
          "harmful_refusal_rate": 0.05555555555555555,
          "auc_within_harmful": 0.5882352941176471,
          "cos_arditi_x_behaviour": null
        },
        "Qwen2.5-3B": {
          "n_clean": 124,
          "n_refused": 48,
          "refusal_rate": 0.3870967741935484,
          "n_harm": 84,
          "n_harm_refused": 39,
          "harmful_refusal_rate": 0.4642857142857143,
          "auc_within_harmful": 0.5658119658119658,
          "cos_arditi_x_behaviour": 0.12180916646069606
        },
        "Qwen2.5-3B-Instruct": {
          "n_clean": 148,
          "n_refused": 29,
          "refusal_rate": 0.19594594594594594,
          "n_harm": 100,
          "n_harm_refused": 27,
          "harmful_refusal_rate": 0.27,
          "auc_within_harmful": 0.44393708777270413,
          "cos_arditi_x_behaviour": -0.07944633595064912
        },
        "Qwen2.5-Coder-3B": {
          "n_clean": 35,
          "n_refused": 8,
          "refusal_rate": 0.22857142857142856,
          "n_harm": 24,
          "n_harm_refused": 6,
          "harmful_refusal_rate": 0.25,
          "auc_within_harmful": 0.75,
          "cos_arditi_x_behaviour": 0.3208805918393214
        }
      },
      "cross_cosines": {
        "Qwen2.5-3B__vs__Qwen2.5-3B-Instruct": 0.07676613694638056,
        "Qwen2.5-3B__vs__Qwen2.5-Coder-3B": 0.03403008093369826,
        "Qwen2.5-3B-Instruct__vs__Qwen2.5-Coder-3B": -0.06636805901905413
      }
    },
    "hard_soft": {
      "metric_table": {
        "AZR-Coder-3B": {
          "n_clean": 32,
          "n_refused": 1,
          "refusal_rate": 0.03125,
          "n_harm": 18,
          "n_harm_refused": 1,
          "harmful_refusal_rate": 0.05555555555555555,
          "auc_within_harmful": 0.5882352941176471,
          "cos_arditi_x_behaviour": null
        },
        "Qwen2.5-3B": {
          "n_clean": 124,
          "n_refused": 48,
          "refusal_rate": 0.3870967741935484,
          "n_harm": 84,
          "n_harm_refused": 39,
          "harmful_refusal_rate": 0.4642857142857143,
          "auc_within_harmful": 0.5658119658119658,
          "cos_arditi_x_behaviour": 0.12180916646069606
        },
        "Qwen2.5-3B-Instruct": {
          "n_clean": 148,
          "n_refused": 36,
          "refusal_rate": 0.24324324324324326,
          "n_harm": 100,
          "n_harm_refused": 34,
          "harmful_refusal_rate": 0.34,
          "auc_within_harmful": 0.499108734402852,
          "cos_arditi_x_behaviour": -0.0033966332970457747
        },
        "Qwen2.5-Coder-3B": {
          "n_clean": 35,
          "n_refused": 8,
          "refusal_rate": 0.22857142857142856,
          "n_harm": 24,
          "n_harm_refused": 6,
          "harmful_refusal_rate": 0.25,
          "auc_within_harmful": 0.75,
          "cos_arditi_x_behaviour": 0.3208805918393214
        }
      },
      "cross_cosines": {
        "Qwen2.5-3B__vs__Qwen2.5-3B-Instruct": 0.05286823400253508,
        "Qwen2.5-3B__vs__Qwen2.5-Coder-3B": 0.03403008093369826,
        "Qwen2.5-3B-Instruct__vs__Qwen2.5-Coder-3B": -0.060946929081730425
      }
    },
    "arditi": {
      "metric_table": {
        "AZR-Coder-3B": {
          "n_clean": 32,
          "n_refused": 1,
          "refusal_rate": 0.03125,
          "n_harm": 18,
          "n_harm_refused": 1,
          "harmful_refusal_rate": 0.05555555555555555,
          "auc_within_harmful": 0.5882352941176471,
          "cos_arditi_x_behaviour": null
        },
        "Qwen2.5-3B": {
          "n_clean": 124,
          "n_refused": 47,
          "refusal_rate": 0.3790322580645161,
          "n_harm": 84,
          "n_harm_refused": 39,
          "harmful_refusal_rate": 0.4642857142857143,
          "auc_within_harmful": 0.5658119658119658,
          "cos_arditi_x_behaviour": 0.12180916646069606
        },
        "Qwen2.5-3B-Instruct": {
          "n_clean": 148,
          "n_refused": 29,
          "refusal_rate": 0.19594594594594594,
          "n_harm": 100,
          "n_harm_refused": 27,
          "harmful_refusal_rate": 0.27,
          "auc_within_harmful": 0.44393708777270413,
          "cos_arditi_x_behaviour": -0.07944633595064912
        },
        "Qwen2.5-Coder-3B": {
          "n_clean": 35,
          "n_refused": 8,
          "refusal_rate": 0.22857142857142856,
          "n_harm": 24,
          "n_harm_refused": 6,
          "harmful_refusal_rate": 0.25,
          "auc_within_harmful": 0.75,
          "cos_arditi_x_behaviour": 0.3208805918393214
        }
      },
      "cross_cosines": {
        "Qwen2.5-3B__vs__Qwen2.5-3B-Instruct": 0.07676613694638056,
        "Qwen2.5-3B__vs__Qwen2.5-Coder-3B": 0.03403008093369826,
        "Qwen2.5-3B-Instruct__vs__Qwen2.5-Coder-3B": -0.06636805901905413
      }
    },
    "lenient": {
      "metric_table": {
        "AZR-Coder-3B": {
          "n_clean": 32,
          "n_refused": 1,
          "refusal_rate": 0.03125,
          "n_harm": 18,
          "n_harm_refused": 1,
          "harmful_refusal_rate": 0.05555555555555555,
          "auc_within_harmful": 0.5882352941176471,
          "cos_arditi_x_behaviour": null
        },
        "Qwen2.5-3B": {
          "n_clean": 124,
          "n_refused": 48,
          "refusal_rate": 0.3870967741935484,
          "n_harm": 84,
          "n_harm_refused": 39,
          "harmful_refusal_rate": 0.4642857142857143,
          "auc_within_harmful": 0.5658119658119658,
          "cos_arditi_x_behaviour": 0.12180916646069606
        },
        "Qwen2.5-3B-Instruct": {
          "n_clean": 148,
          "n_refused": 36,
          "refusal_rate": 0.24324324324324326,
          "n_harm": 100,
          "n_harm_refused": 34,
          "harmful_refusal_rate": 0.34,
          "auc_within_harmful": 0.499108734402852,
          "cos_arditi_x_behaviour": -0.0033966332970457747
        },
        "Qwen2.5-Coder-3B": {
          "n_clean": 35,
          "n_refused": 8,
          "refusal_rate": 0.22857142857142856,
          "n_harm": 24,
          "n_harm_refused": 6,
          "harmful_refusal_rate": 0.25,
          "auc_within_harmful": 0.75,
          "cos_arditi_x_behaviour": 0.3208805918393214
        }
      },
      "cross_cosines": {
        "Qwen2.5-3B__vs__Qwen2.5-3B-Instruct": 0.05286823400253508,
        "Qwen2.5-3B__vs__Qwen2.5-Coder-3B": 0.03403008093369826,
        "Qwen2.5-3B-Instruct__vs__Qwen2.5-Coder-3B": -0.060946929081730425
      }
    }
  }
}