{
  "a_short": "Qwen2.5-Coder-7B",
  "b_short": "AZR-Coder-7B",
  "a_full": "Qwen/Qwen2.5-Coder-7B",
  "b_full": "andrewzh/Absolute_Zero_Reasoner-Coder-7b",
  "tie_word_embeddings": false,
  "num_layers": 28,
  "top_cosines": {
    "embed": {
      "cosine": 0.9999999671175097,
      "diff_norm": 0.08954034461714104
    },
    "final_norm": {
      "cosine": 1.0000000000000002,
      "diff_norm": 0.0
    },
    "lm_head": {
      "cosine": 0.9999999102747673,
      "diff_norm": 0.14122330031032376
    }
  },
  "layer_cos_min": 0.9999986290931702,
  "layer_cos_max": 1.0,
  "layer_cos_mean": 0.9999997615814209
}